<?xml version="1.0" encoding="utf-8"?>
<config Name="g++" ShortName="g++" Manufacturer="GNU" Version="" Language="C++" Priority="A" Location="$GCC">
    <Details CompilerExecutable="$CXX" CompilerDefines="$DEFINES" CompilerFlags="$CXXFLAGS" OptimizationFlags="$CXXOPTIMFLAGS" DebugFlags="$CXXDEBUGFLAGS" IncludeFlags="$INCLUDE" LinkerExecutable="$LDXX" LinkerFlags="$LDFLAGS $LDTYPE" LinkerLibraries="$LINKLIBS" LinkerOptimizationFlags="$LDOPTIMFLAGS" LinkerDebugFlags="$LDDEBUGFLAGS" CompilerDefineFormatter="-D%s" LinkerLibrarySwitchFormatter="-l%s" LinkerPathFormatter="-L%s"/>
    <vars CMDLINE1="$CXX -c $DEFINES $INCLUDE $CXXFLAGS $OPTIM $SRC -o $OBJ" 
          CMDLINE2="$LDXX $LDFLAGS $LDTYPE $LINKOPTIM $LINKEXPORTVER $OBJS $CXXLIBS $LINKLIBS -o $EXE" 
          CXX="$GCC" 
          DEFINES="-D_GNU_SOURCE $MATLABMEX" 
          MATLABMEX="-DMATLAB_MEX_FILE " 
          CFLAGS="-fexceptions -fPIC -fno-omit-frame-pointer -pthread" 
          CXXFLAGS="$CFLAGS -std=c++11" 
          INCLUDE="-I&quot;$MATLABROOT/extern/include&quot; -I&quot;$MATLABROOT/simulink/include&quot;" 
          CXXOPTIMFLAGS="-O -DNDEBUG" 
          CXXDEBUGFLAGS="-g" 
          LDXX="$CXX" 
          LDFLAGS="-pthread -Wl,--no-undefined " 
          LDTYPE="-shared" 
          LINKEXPORT="-Wl,--version-script,&quot;$MATLABROOT/extern/lib/$ARCH/mexFunction.map&quot;" 
          LINKEXPORTVER="-Wl,--version-script,&quot;$MATLABROOT/extern/lib/$ARCH/c_exportsmexfileversion.map&quot;" 
          LINKLIBS="-Wl,--as-needed -Wl,-rpath-link,$MATLABROOT/bin/$ARCH -L&quot;$MATLABROOT/bin/$ARCH&quot; -Wl,-rpath-link,$MATLABROOT/extern/bin/$ARCH -L&quot;$MATLABROOT/extern/bin/$ARCH&quot; -lMatlabDataArray -lmx -lmex -lmat -lm -lstdc++ -lut"
          LDOPTIMFLAGS="-O" LDDEBUGFLAGS="-g" 
          MWCPPLIB="&quot;$MATLABROOT/sys/os/$ARCH/libstdc++.so.6&quot;" 
          OBJEXT=".o" 
          LDEXT=".mexa64" 
          SETENV="CC=&quot;gcc&quot;&#10;                CXX=&quot;$CXX&quot;&#10;                CFLAGS=&quot;$CFLAGS $DEFINES&quot;&#10;                CXXFLAGS=&quot;$CXXFLAGS $DEFINES&quot;&#10;                COPTIMFLAGS=&quot;$CXXOPTIMFLAGS&quot;&#10;                CXXOPTIMFLAGS=&quot;$CXXOPTIMFLAGS&quot;&#10;                CDEBUGFLAGS=&quot;$CXXDEBUGFLAGS&quot;&#10;                CXXDEBUGFLAGS=&quot;$CXXDEBUGFLAGS&quot;&#10;                LD=&quot;gcc&quot;&#10;                LDXX=&quot;$LDXX&quot;&#10;                LDFLAGS=&quot;$LDFLAGS $LDTYPE $LINKLIBS $LINKEXPORT&quot;&#10;                LDDEBUGFLAGS=&quot;$LDDEBUGFLAGS&quot;" 
          GCC="/usr/bin/g++" 
          CPPLIB_DIR="/usr/lib/gcc/x86_64-linux-gnu/5/libstdc++.so" 
          VER="5.4.0" 
          GCCDIR="/usr" 
          GCC_TARGET="x86_64-linux-gnu"/>
    <client>
        <engine LINKLIBS="$MWCPPLIB -Wl,--as-needed -Wl,-rpath-link,$MATLABROOT/extern/bin/$ARCH -L&quot;$MATLABROOT/extern/bin/$ARCH&quot; -Wl,-rpath-link,$MATLABROOT/bin/$ARCH -L&quot;$MATLABROOT/bin/$ARCH&quot; -leng -lMatlabEngine -lMatlabDataArray -lmx -lmat -lm -lut" 
        LINKEXPORT="" LINKEXPORTVER="" LDEXT="" LDTYPE=""/>
        <mbuild DEFINES="-D_GNU_SOURCE $MATLABMEX -DUNIX -DX11 -DGLNXA64 -DGCC -UMX_COMPAT_SC" 
        CXXFLAGS="-ansi -pthread -std=c++11" 
        INCLUDE="$INCLUDE -I&quot;$MATLABROOT/extern/include/cpp&quot;" 
        LDFLAGS="-pthread -lpthread -Wl,--as-needed -Wl,-rpath-link,$MATLABROOT/bin/$ARCH" 
        LINKEXPORT="" LINKEXPORTVER="" 
        LINKLIBS="$MWCPPLIB -L&quot;$MATLABROOT/runtime/$ARCH&quot; -L&quot;$MATLABROOT/extern/bin/$ARCH&quot; -lm -lmwmclmcrrt -lMatlabDataArray -lMatlabCppSharedLib" 
        LDEXT="" MATLABMEX="" LDTYPE=""/>
    </client>
    <locationFinder>
        <GCC>
            <cmdReturns name="which g++"/>
        </GCC>
        <CPPLIB_DIR>
            <cmdReturns name="g++ -print-file-name=libstdc++.so" diagnostic="GCC appears to be installed, but supporting C++ libraries were not found.  You must first install the gcc-c++ packge, or similiar, to complete this action."/>
        </CPPLIB_DIR>
        <VER>
            <cmdReturns name="g++ -dumpversion"/>
        </VER>
        <GCCDIR>
            <cmdReturns name="which g++"/>
            <dirExists name="$$/../"/>
        </GCCDIR>
        <GCC_TARGET>
            <cmdReturns name="g++ -dumpmachine"/>
        </GCC_TARGET>
    </locationFinder>
    <env INCLUDE="$GCCDIR/lib/gcc/$GCC_TARGET/$VER/include;$GCCDIR/include/c++/$VER;$GCCDIR/include/c++/$VER/$GCC_TARGET;$GCCDIR/include/c++/$VER/backward"/>
    <MATLAB release="R2018a"/>
</config>
